chromosome,snp_position,snp_name,kinase_start,kinase_end,gene_name
7,92617430,rs42041,92604921,92836573,CDK6
8,11486464,rs2736340,11494387,11564599,BLK
8,11491677,rs13277113,11494387,11564599,BLK
8,11534141,rs2248932,11494387,11564599,BLK
19,10365084,rs12720270,10350533,10380572,TYK2
19,10359299,rs12720356,10350533,10380572,TYK2
19,10364976,rs2304256,10350533,10380572,TYK2
19,10352804,rs280496,10350533,10380572,TYK2
19,10379726,rs280500,10350533,10380572,TYK2
19,10362257,rs280519,10350533,10380572,TYK2
19,10366530,rs280523,10350533,10380572,TYK2
19,10352442,rs34536443,10350533,10380572,TYK2
19,10354167,rs35018800,10350533,10380572,TYK2