chromosome,snp_position,snp_name
1,113852067,rs33996649
1,113851841,rs3765598
1,113814041,rs3811021
1,113870045,rs1217414
1,113834946,rs2476601
1,17331039,rs11203366
1,17331121,rs11203367
1,157701026,rs7528684
1,157700967,rs11264799
1,157700500,rs945635
1,157699488,rs3761959
1,160837925,rs3766379
1,160839213,rs6682654
1,198731313,rs10919563
1,161509955,rs1801274
1,116720516,rs11586238
1,116721168,rs624988
1,116766208,rs798036
1,161674008,rs1050501
1,154454494,rs2228145
1,154446403,rs4537545
1,154405422,rs4845617
1,154459944,rs4329505
1,2622185,rs3890745
1,2614790,rs6684865
1,2533656,rs11585747
1,7885460,rs228702
1,37825665,rs67704103
2,203869764,rs231779
2,203868865,rs231777
2,203867991,rs231775
2,203867624,rs5742909
2,191099907,rs7574865
2,100219272,rs10865035
2,100215693,rs1160542
2,100190478,rs11676922
2,100208905,rs9653442
2,60854407,rs702873
2,60908994,rs13031237
2,203745673,rs1980422
2,203707417,rs2140148
2,65330153,rs871974
2,62225526,rs11900673
2,62294109,rs4672495
3,27736288,rs9880772
3,17031505,rs4535211
4,122588266,rs6822844
4,122408207,rs17388568
4,122613898,rs907715
4,78592061,rs2867461
4,48224250,rs4694890
4,48174206,rs2089510
5,132094425,rs657075
6,137874923,rs5029941
6,137874929,rs2230926
6,137869547,rs5029930
6,137874014,rs5029937
6,137874586,rs5029939
6,137644281,rs13207033
6,137681500,rs10499194
6,137685367,rs6920220
6,159035343,rs4709267
6,159044945,rs1738074
6,159061489,rs394581
6,106120159,rs548234
6,167120802,rs3093023
6,167119305,rs3093024
6,167109907,rs6907666
6,167089150,rs1331301
6,167111255,rs1556413
6,159042420,rs926657
6,159042932,rs9295089
6,159051263,rs212402
6,14096427,rs12529514
6,44265183,rs2233434
6,44265240,rs2233433
6,434364,rs9328192
6,149513942,rs9498368
7,128954129,rs10488631
7,128938247,rs2004640
7,128948946,rs2070197
7,128949373,rs10954213
7,128928906,rs729302
7,28140937,rs864745
7,92617430,rs42041
8,11486464,rs2736340
8,11491677,rs13277113
8,11534141,rs2248932
9,120942809,rs10818488
9,120927961,rs3761847
9,120939712,rs10760130
9,120944104,rs2900180
9,34710263,rs2812378
9,34768696,rs13293020
9,120400388,rs12379034
10,6057082,rs2104286
10,8066629,rs569421
10,8068061,rs444929
10,8060309,rs3802604
10,62025330,rs10821944
10,62198353,rs3125734
10,31126177,rs793108
10,48817351,rs7097397
11,36503743,rs540386
11,72662452,rs3781913
11,61828092,rs968567
11,61877235,rs76599700
11,128459064,rs1128334
11,128627057,rs73013527
12,111446804,rs3184504
13,39760715,rs9603612
13,39776775,rs7993214
14,104924668,rs2841277
14,104927219,rs2841280
14,68283210,rs3784099
14,61410346,rs912620
14,68286876,rs911263
14,61467300,rs959728
14,61457521,rs2230500
14,61473957,rs3783782
15,38535939,rs8043085
16,85985027,rs2280381
16,85985481,rs13330176
18,12797695,rs2847297
18,12779948,rs2542151
18,69864406,rs763361
19,10365084,rs12720270
19,10359299,rs12720356
19,10364976,rs2304256
19,10352804,rs280496
19,10379726,rs280500
19,10362257,rs280519
19,10366530,rs280523
19,10352442,rs34536443
19,10354167,rs35018800
19,10661265,rs147622113
20,46118343,rs1883832
20,46119308,rs4810485
20,46119460,rs1535045
20,46128768,rs3765459
21,44289270,rs2075876
21,44292705,rs933150
21,44295931,rs760426
21,44288394,rs878081
21,44290023,rs1800520
21,34809752,rs2268277
21,42416077,rs11203203
21,42421219,rs3788013
22,37155567,rs743777
22,37148770,rs3218253
22,21628603,rs2298428
22,21585386,rs5754217
22,39351666,rs909685